alter session set nls_date_format='yyyy-mm-dd hh24:mi:ss';

INSERT INTO ge_dict_type (DICTTYPEID, DICTTYPECODE, DICTTYPENAME, CREATETIME, OPERATORNAME) VALUES ('4028813143293ba80143293c450f0001', 'USERTYPE', '用户类型', to_date('2013-12-25 18:10:52','yyyy-MM-dd HH:mm:ss'), 'admin');

INSERT INTO ge_dict_type (DICTTYPEID, DICTTYPECODE, DICTTYPENAME, CREATETIME, OPERATORNAME) VALUES ('4028813c4328418101432847761f0001', 'MENUTYPE', '菜单类型', '2013-12-25 13:43:28', 'admin');
INSERT INTO ge_dict_type (DICTTYPEID, DICTTYPECODE, DICTTYPENAME, CREATETIME, OPERATORNAME) VALUES ('4028813c432909a90143290b96660001', 'DEPARTMENTTYPE', '机构类型', '2013-12-25 17:17:41', 'admin');
INSERT INTO ge_dict_type (DICTTYPEID, DICTTYPECODE, DICTTYPENAME, CREATETIME, OPERATORNAME) VALUES ('4028813c432f1f0901432f22e8a40004', 'USERSTATUS', '用户状态', '2013-12-26 21:40:53', 'admin');
INSERT INTO ge_dict_type (DICTTYPEID, DICTTYPECODE, DICTTYPENAME, CREATETIME, OPERATORNAME) VALUES ('402881474333603801433364fbd6000b', '测试', '测试', '2013-12-27 17:31:32', 'admin');
INSERT INTO ge_dict_type (DICTTYPEID, DICTTYPECODE, DICTTYPENAME, CREATETIME, OPERATORNAME) VALUES ('40288147433360380143336561d3000d', 'ceshi', 'ceshi ', '2013-12-27 17:31:58', 'admin');
INSERT INTO ge_dict_type (DICTTYPEID, DICTTYPECODE, DICTTYPENAME, CREATETIME, OPERATORNAME) VALUES ('4028814743336c870143337f5eb70006', '123123', '123123', '2013-12-27 18:00:21', 'admin');
INSERT INTO ge_dict_type (DICTTYPEID, DICTTYPECODE, DICTTYPENAME, CREATETIME, OPERATORNAME) VALUES ('4028814743336c870143337f99f00008', '123', '123', '2013-12-27 18:00:37', 'admin');
INSERT INTO ge_dict_type (DICTTYPEID, DICTTYPECODE, DICTTYPENAME, CREATETIME, OPERATORNAME) VALUES ('402881e34328525701432856d3ab0001', 'NOTEFUNTION', '短信功能', '2013-12-25 14:00:32', 'admin');
INSERT INTO ge_dict_type (DICTTYPEID, DICTTYPECODE, DICTTYPENAME, CREATETIME, OPERATORNAME) VALUES ('402881e34328c934014328ca3c0a0001', 'TEMPLATETYPE', '模板类型', '2013-12-25 16:06:18', 'admin');
INSERT INTO ge_dict_type (DICTTYPEID, DICTTYPECODE, DICTTYPENAME, CREATETIME, OPERATORNAME) VALUES ('402881e34329080b014329108bac0001', 'TEMPLATEFUNCTION', '模板功能', '2013-12-25 17:23:06', 'admin');
INSERT INTO ge_dict_type (DICTTYPEID, DICTTYPECODE, DICTTYPENAME, CREATETIME, OPERATORNAME) VALUES ('402881f6431fa1f501431fa5daab0001', 'SEX', '性别', '2013-12-25 13:17:38', 'admin');

INSERT INTO ge_dict_data (DICTDATAID, DICTTYPEID, DICTDATACODE, DICTDATANAME, DICTDATADESC, CREATETIME, OPERATORNAME) VALUES ('40288131432f295e01432f2a217c0001', '402881f6431fa1f501431fa5daab0001', 'N', '未知', '未知', '2013-12-26 21:48:46', 'admin');

INSERT INTO ge_dict_data (DICTDATAID, DICTTYPEID, DICTDATACODE, DICTDATANAME, DICTDATADESC, CREATETIME, OPERATORNAME) VALUES ('4028813c432cb9bf01432cdaf7c00002', '4028813c4328418101432847761f0001', 'F', '功能', '功能', '2013-12-26 11:03:04', 'admin');
INSERT INTO ge_dict_data (DICTDATAID, DICTTYPEID, DICTDATACODE, DICTDATANAME, DICTDATADESC, CREATETIME, OPERATORNAME) VALUES ('4028813c432cb9bf01432cdbaf920003', '4028813143293ba80143293c450f0001', 'admin', '超级管理员', '超级管理员', '2013-12-26 11:03:51', 'admin');
INSERT INTO ge_dict_data (DICTDATAID, DICTTYPEID, DICTDATACODE, DICTDATANAME, DICTDATADESC, CREATETIME, OPERATORNAME) VALUES ('4028813c432cb9bf01432cdc3e500004', '4028813143293ba80143293c450f0001', 'user', '普通管理员', '普通管理员', '2013-12-26 11:04:27', 'admin');
INSERT INTO ge_dict_data (DICTDATAID, DICTTYPEID, DICTDATACODE, DICTDATANAME, DICTDATADESC, CREATETIME, OPERATORNAME) VALUES ('4028813c432cb9bf01432cde43020005', '402881e34328c934014328ca3c0a0001', 'MailTemp', '邮件模板', '邮件模板', '2013-12-26 11:06:40', 'admin');
INSERT INTO ge_dict_data (DICTDATAID, DICTTYPEID, DICTDATACODE, DICTDATANAME, DICTDATADESC, CREATETIME, OPERATORNAME) VALUES ('4028813c432cb9bf01432cde82180006', '402881e34328c934014328ca3c0a0001', 'NoteTemp', '短信模板', '短信模板', '2013-12-26 11:06:56', 'admin');
INSERT INTO ge_dict_data (DICTDATAID, DICTTYPEID, DICTDATACODE, DICTDATANAME, DICTDATADESC, CREATETIME, OPERATORNAME) VALUES ('4028813c432cb9bf01432cded2b70007', '402881e34328c934014328ca3c0a0001', 'PdfTemp', '电子保单模板', '电子保单模板', '2013-12-26 11:07:17', 'admin');
INSERT INTO ge_dict_data (DICTDATAID, DICTTYPEID, DICTDATACODE, DICTDATANAME, DICTDATADESC, CREATETIME, OPERATORNAME) VALUES ('4028813c432cb9bf01432ce0dabc0008', '402881e34329080b014329108bac0001', 'productBuyMail', '产品购买成功邮件', '产品购买成功邮件', '2013-12-26 11:09:30', 'admin');
INSERT INTO ge_dict_data (DICTDATAID, DICTTYPEID, DICTDATACODE, DICTDATANAME, DICTDATADESC, CREATETIME, OPERATORNAME) VALUES ('4028813c432cb9bf01432ce180da0009', '4028813c432909a90143290b96660001', 'company', '公司', '公司', '2013-12-26 11:10:12', 'admin');
INSERT INTO ge_dict_data (DICTDATAID, DICTTYPEID, DICTDATACODE, DICTDATANAME, DICTDATADESC, CREATETIME, OPERATORNAME) VALUES ('4028813c432cb9bf01432ce1ec41000a', '4028813c432909a90143290b96660001', 'depart', '部门', '部门', '2013-12-26 11:10:40', 'admin');
INSERT INTO ge_dict_data (DICTDATAID, DICTTYPEID, DICTDATACODE, DICTDATANAME, DICTDATADESC, CREATETIME, OPERATORNAME) VALUES ('4028813c432f1f0901432f2157e70003', '402881f6431fa1f501431fa5daab0001', 'W', '女', '女', '2013-12-26 21:39:10', 'admin');
INSERT INTO ge_dict_data (DICTDATAID, DICTTYPEID, DICTDATACODE, DICTDATANAME, DICTDATADESC, CREATETIME, OPERATORNAME) VALUES ('4028813c432f1f0901432f231ede0005', '4028813c432f1f0901432f22e8a40004', '1', '有效', '有效', '2013-12-26 21:41:07', 'admin');
INSERT INTO ge_dict_data (DICTDATAID, DICTTYPEID, DICTDATACODE, DICTDATANAME, DICTDATADESC, CREATETIME, OPERATORNAME) VALUES ('4028813c432f1f0901432f235c1c0006', '4028813c432f1f0901432f22e8a40004', '0', '无效', '无效', '2013-12-26 21:41:23', 'admin');
INSERT INTO ge_dict_data (DICTDATAID, DICTTYPEID, DICTDATACODE, DICTDATANAME, DICTDATADESC, CREATETIME, OPERATORNAME) VALUES ('40288147432f1da501432f1eaa010001', '402881f6431fa1f501431fa5daab0001', 'M', '男的', '男', '2013-12-26 21:36:15', 'admin');
INSERT INTO ge_dict_data (DICTDATAID, DICTTYPEID, DICTDATACODE, DICTDATANAME, DICTDATADESC, CREATETIME, OPERATORNAME) VALUES ('402881474332c0dc014332c5fe7b0002', '402881e34329080b014329108bac0001', 'sdfs', 'asdf', 'agsd', '2013-12-27 16:22:35', 'admin');
INSERT INTO ge_dict_data (DICTDATAID, DICTTYPEID, DICTDATACODE, DICTDATANAME, DICTDATADESC, CREATETIME, OPERATORNAME) VALUES ('402881474332c0dc014332c84d5b0004', '4028813143293ba80143293c450f0001', '123', '123', '123', '2013-12-27 14:50:03', 'admin');
INSERT INTO ge_dict_data (DICTDATAID, DICTTYPEID, DICTDATACODE, DICTDATANAME, DICTDATADESC, CREATETIME, OPERATORNAME) VALUES ('402881474332d81d0143332f86f90004', '4028813c4328418101432847761f0001', 'M', '菜单', '菜单', '2013-12-27 16:33:09', 'admin');


INSERT INTO ge_resources (RESOURCESID, RESOURCESNAME, RESOURCESTYPE, RESOURCESLINKTYPE, RESOURCESPARENT, RESOURCESCONTENT, RESOURCESDESC, RESOURCESSTYLE, RESOURCESICONID, RESOURCESCODE) VALUES ('RES', '系统管理', 'M', NULL, '0', '/system/manger', '系统管理', NULL, '39', 'RES');
INSERT INTO ge_resources (RESOURCESID, RESOURCESNAME, RESOURCESTYPE, RESOURCESLINKTYPE, RESOURCESPARENT, RESOURCESCONTENT, RESOURCESDESC, RESOURCESSTYLE, RESOURCESICONID, RESOURCESCODE) VALUES ('RES_AREA', '销售区域', 'M', NULL, 'RES_ORG_MANAGER', '/system/area', '销售区域', NULL, '4', 'RES_AREA');
INSERT INTO ge_resources (RESOURCESID, RESOURCESNAME, RESOURCESTYPE, RESOURCESLINKTYPE, RESOURCESPARENT, RESOURCESCONTENT, RESOURCESDESC, RESOURCESSTYLE, RESOURCESICONID, RESOURCESCODE) VALUES ('RES_AREA_ADD', '添加区域', 'F', NULL, 'RES_AREA', 'ADD', '添加区域', NULL, NULL, 'RES_AREA_ADD');
INSERT INTO ge_resources (RESOURCESID, RESOURCESNAME, RESOURCESTYPE, RESOURCESLINKTYPE, RESOURCESPARENT, RESOURCESCONTENT, RESOURCESDESC, RESOURCESSTYLE, RESOURCESICONID, RESOURCESCODE) VALUES ('RES_AREA_DEL', '删除区域', 'F', NULL, 'RES_AREA', 'DEL', '删除区域', NULL, NULL, 'RES_AREA_DEL');
INSERT INTO ge_resources (RESOURCESID, RESOURCESNAME, RESOURCESTYPE, RESOURCESLINKTYPE, RESOURCESPARENT, RESOURCESCONTENT, RESOURCESDESC, RESOURCESSTYLE, RESOURCESICONID, RESOURCESCODE) VALUES ('RES_AREA_UPDATE', '修改区域', 'F', NULL, 'RES_AREA', 'UPDATE', '修改区域', NULL, NULL, 'RES_AREA_UPDATE');
INSERT INTO ge_resources (RESOURCESID, RESOURCESNAME, RESOURCESTYPE, RESOURCESLINKTYPE, RESOURCESPARENT, RESOURCESCONTENT, RESOURCESDESC, RESOURCESSTYLE, RESOURCESICONID, RESOURCESCODE) VALUES ('RES_AREA_VIEW', '查看区域', 'F', NULL, 'RES_AREA', 'VIEW', '查看区域', NULL, NULL, 'RES_AREA_VIEW');
INSERT INTO ge_resources (RESOURCESID, RESOURCESNAME, RESOURCESTYPE, RESOURCESLINKTYPE, RESOURCESPARENT, RESOURCESCONTENT, RESOURCESDESC, RESOURCESSTYLE, RESOURCESICONID, RESOURCESCODE) VALUES ('RES_AUTH', '认证管理', 'M', NULL, 'RES', '/auth', '认证管理', NULL, '17', 'RES_AUTH');
INSERT INTO ge_resources (RESOURCESID, RESOURCESNAME, RESOURCESTYPE, RESOURCESLINKTYPE, RESOURCESPARENT, RESOURCESCONTENT, RESOURCESDESC, RESOURCESSTYLE, RESOURCESICONID, RESOURCESCODE) VALUES ('RES_ceshi', '测试', 'M', NULL, 'RES', 'rg', '测试', NULL, '34', 'RES_ceshi');
INSERT INTO ge_resources (RESOURCESID, RESOURCESNAME, RESOURCESTYPE, RESOURCESLINKTYPE, RESOURCESPARENT, RESOURCESCONTENT, RESOURCESDESC, RESOURCESSTYLE, RESOURCESICONID, RESOURCESCODE) VALUES ('RES_ceshi_1', '测试123', 'M', NULL, 'RES_ceshi', '123', '123', NULL, '25', 'RES_ceshi_1');
INSERT INTO ge_resources (RESOURCESID, RESOURCESNAME, RESOURCESTYPE, RESOURCESLINKTYPE, RESOURCESPARENT, RESOURCESCONTENT, RESOURCESDESC, RESOURCESSTYLE, RESOURCESICONID, RESOURCESCODE) VALUES ('RES_ceshi_2', 'ceshi2', 'M', NULL, 'RES_ceshi', 'ceshi2', '撒俄国', NULL, '25', 'RES_ceshi_2');
INSERT INTO ge_resources (RESOURCESID, RESOURCESNAME, RESOURCESTYPE, RESOURCESLINKTYPE, RESOURCESPARENT, RESOURCESCONTENT, RESOURCESDESC, RESOURCESSTYLE, RESOURCESICONID, RESOURCESCODE) VALUES ('RES_DIC', '数据字典', 'M', NULL, 'RES_DIC_MANAGER', '/system/dictDataManagement', '数据字典', NULL, '25', 'RES_DIC');
INSERT INTO ge_resources (RESOURCESID, RESOURCESNAME, RESOURCESTYPE, RESOURCESLINKTYPE, RESOURCESPARENT, RESOURCESCONTENT, RESOURCESDESC, RESOURCESSTYLE, RESOURCESICONID, RESOURCESCODE) VALUES ('RES_DICTYPE', '字典类型', 'M', NULL, 'RES_DIC_MANAGER', '/system/dictDataTypeManagement', '字典类型', NULL, '29', 'RES_DICTYPE');
INSERT INTO ge_resources (RESOURCESID, RESOURCESNAME, RESOURCESTYPE, RESOURCESLINKTYPE, RESOURCESPARENT, RESOURCESCONTENT, RESOURCESDESC, RESOURCESSTYLE, RESOURCESICONID, RESOURCESCODE) VALUES ('RES_DICTYPE_ADD', '添加字典类型', 'F', NULL, 'RES_DICTYPE', 'ADD', '添加字典类型', NULL, NULL, 'RES_DICTYPE_ADD');
INSERT INTO ge_resources (RESOURCESID, RESOURCESNAME, RESOURCESTYPE, RESOURCESLINKTYPE, RESOURCESPARENT, RESOURCESCONTENT, RESOURCESDESC, RESOURCESSTYLE, RESOURCESICONID, RESOURCESCODE) VALUES ('RES_DICTYPE_DEL', '删除字典类型', 'F', NULL, 'RES_DICTYPE', 'DEL', '删除字典类型', NULL, NULL, 'RES_DICTYPE_DEL');
INSERT INTO ge_resources (RESOURCESID, RESOURCESNAME, RESOURCESTYPE, RESOURCESLINKTYPE, RESOURCESPARENT, RESOURCESCONTENT, RESOURCESDESC, RESOURCESSTYLE, RESOURCESICONID, RESOURCESCODE) VALUES ('RES_DICTYPE_UPDATE', '修改字典类型', 'F', NULL, 'RES_DICTYPE', 'UPDATE', '修改字典类型', NULL, NULL, 'RES_DICTYPE_UPDATE');
INSERT INTO ge_resources (RESOURCESID, RESOURCESNAME, RESOURCESTYPE, RESOURCESLINKTYPE, RESOURCESPARENT, RESOURCESCONTENT, RESOURCESDESC, RESOURCESSTYLE, RESOURCESICONID, RESOURCESCODE) VALUES ('RES_DICTYPE_VIEW', '查看字典类型', 'F', NULL, 'RES_DICTYPE', 'VIEW', '查看字典类型', NULL, NULL, 'RES_DICTYPE_VIEW');
INSERT INTO ge_resources (RESOURCESID, RESOURCESNAME, RESOURCESTYPE, RESOURCESLINKTYPE, RESOURCESPARENT, RESOURCESCONTENT, RESOURCESDESC, RESOURCESSTYLE, RESOURCESICONID, RESOURCESCODE) VALUES ('RES_DIC_ADD', '添加数据字典', 'F', NULL, 'RES_DIC', 'ADD', '添加数据字典', NULL, NULL, 'RES_DIC_ADD');
INSERT INTO ge_resources (RESOURCESID, RESOURCESNAME, RESOURCESTYPE, RESOURCESLINKTYPE, RESOURCESPARENT, RESOURCESCONTENT, RESOURCESDESC, RESOURCESSTYLE, RESOURCESICONID, RESOURCESCODE) VALUES ('RES_DIC_DEL', '删除数据字典', 'F', NULL, 'RES_DIC', 'DEL', '删除数据字典', NULL, NULL, 'RES_DIC_DEL');
INSERT INTO ge_resources (RESOURCESID, RESOURCESNAME, RESOURCESTYPE, RESOURCESLINKTYPE, RESOURCESPARENT, RESOURCESCONTENT, RESOURCESDESC, RESOURCESSTYLE, RESOURCESICONID, RESOURCESCODE) VALUES ('RES_DIC_MANAGER', '字典管理', 'M', NULL, 'RES', '/dicManager', '字典管理', NULL, '21', 'RES_DIC_MANAGER');
INSERT INTO ge_resources (RESOURCESID, RESOURCESNAME, RESOURCESTYPE, RESOURCESLINKTYPE, RESOURCESPARENT, RESOURCESCONTENT, RESOURCESDESC, RESOURCESSTYLE, RESOURCESICONID, RESOURCESCODE) VALUES ('RES_DIC_UPDATE', '修改数据字典', 'F', NULL, 'RES_DIC', 'UPDATE', '修改数据字典', NULL, NULL, 'RES_DIC_UPDATE');
INSERT INTO ge_resources (RESOURCESID, RESOURCESNAME, RESOURCESTYPE, RESOURCESLINKTYPE, RESOURCESPARENT, RESOURCESCONTENT, RESOURCESDESC, RESOURCESSTYLE, RESOURCESICONID, RESOURCESCODE) VALUES ('RES_DIC_VIEW', '查看数据字典', 'F', NULL, 'RES_DIC', 'VIEW', '查看数据字典', NULL, NULL, 'RES_DIC_VIEW');
INSERT INTO ge_resources (RESOURCESID, RESOURCESNAME, RESOURCESTYPE, RESOURCESLINKTYPE, RESOURCESPARENT, RESOURCESCONTENT, RESOURCESDESC, RESOURCESSTYLE, RESOURCESICONID, RESOURCESCODE) VALUES ('RES_MONITOR', '系统监控', 'M', NULL, 'RES_SYSTEM_CONFIG', '/addmonitoring', '系统监控', NULL, '31', 'RES_MONITOR');
INSERT INTO ge_resources (RESOURCESID, RESOURCESNAME, RESOURCESTYPE, RESOURCESLINKTYPE, RESOURCESPARENT, RESOURCESCONTENT, RESOURCESDESC, RESOURCESSTYLE, RESOURCESICONID, RESOURCESCODE) VALUES ('RES_MONITOR_ADD', '添加监控', 'F', NULL, 'RES_MONITOR', '/addMonitoring', '添加监控', NULL, NULL, 'RES_MONITOR_ADD');
INSERT INTO ge_resources (RESOURCESID, RESOURCESNAME, RESOURCESTYPE, RESOURCESLINKTYPE, RESOURCESPARENT, RESOURCESCONTENT, RESOURCESDESC, RESOURCESSTYLE, RESOURCESICONID, RESOURCESCODE) VALUES ('RES_ORG', '组织机构', 'M', NULL, 'RES_ORG_MANAGER', '/system/organ', '组织机构', NULL, '45', 'RES_ORG');
INSERT INTO ge_resources (RESOURCESID, RESOURCESNAME, RESOURCESTYPE, RESOURCESLINKTYPE, RESOURCESPARENT, RESOURCESCONTENT, RESOURCESDESC, RESOURCESSTYLE, RESOURCESICONID, RESOURCESCODE) VALUES ('RES_ORG_ADD', '添加组织机构', 'F', NULL, 'RES_ORG', '/system/addUpdateOrgan', '添加组织机构', NULL, NULL, 'RES_ORG_ADD');
INSERT INTO ge_resources (RESOURCESID, RESOURCESNAME, RESOURCESTYPE, RESOURCESLINKTYPE, RESOURCESPARENT, RESOURCESCONTENT, RESOURCESDESC, RESOURCESSTYLE, RESOURCESICONID, RESOURCESCODE) VALUES ('RES_ORG_DEL', '删除组织机构', 'F', NULL, 'RES_ORG', 'DEL', '删除组织机构', NULL, NULL, 'RES_ORG_DEL');
INSERT INTO ge_resources (RESOURCESID, RESOURCESNAME, RESOURCESTYPE, RESOURCESLINKTYPE, RESOURCESPARENT, RESOURCESCONTENT, RESOURCESDESC, RESOURCESSTYLE, RESOURCESICONID, RESOURCESCODE) VALUES ('RES_ORG_MANAGER', '机构管理', 'M', NULL, 'RES', '/org', '机构管理', NULL, '47', 'RES_ORG_MANAGER');
INSERT INTO ge_resources (RESOURCESID, RESOURCESNAME, RESOURCESTYPE, RESOURCESLINKTYPE, RESOURCESPARENT, RESOURCESCONTENT, RESOURCESDESC, RESOURCESSTYLE, RESOURCESICONID, RESOURCESCODE) VALUES ('RES_ORG_UPDATE', '修改组织机构', 'F', NULL, 'RES_ORG', '/system/addUpdateOrgan', '修改组织机构', NULL, NULL, 'RES_ORG_UPDATE');
INSERT INTO ge_resources (RESOURCESID, RESOURCESNAME, RESOURCESTYPE, RESOURCESLINKTYPE, RESOURCESPARENT, RESOURCESCONTENT, RESOURCESDESC, RESOURCESSTYLE, RESOURCESICONID, RESOURCESCODE) VALUES ('RES_ORG_VIEW', '查看组织机构', 'F', NULL, 'RES_ORG', 'VIEW', '查看组织机构', NULL, NULL, 'RES_ORG_VIEW');
INSERT INTO ge_resources (RESOURCESID, RESOURCESNAME, RESOURCESTYPE, RESOURCESLINKTYPE, RESOURCESPARENT, RESOURCESCONTENT, RESOURCESDESC, RESOURCESSTYLE, RESOURCESICONID, RESOURCESCODE) VALUES ('RES_PERMISSION', '权限管理', 'M', NULL, 'RES_AUTH', '/system/permission', '权限管理', NULL, '18', 'RES_PERMISSION');
INSERT INTO ge_resources (RESOURCESID, RESOURCESNAME, RESOURCESTYPE, RESOURCESLINKTYPE, RESOURCESPARENT, RESOURCESCONTENT, RESOURCESDESC, RESOURCESSTYLE, RESOURCESICONID, RESOURCESCODE) VALUES ('RES_PERMISSION_ADD', '添加权限', 'F', NULL, 'RES_PERMISSION', 'ADD', '添加权限', NULL, NULL, 'RES_PERMISSION_ADD');
INSERT INTO ge_resources (RESOURCESID, RESOURCESNAME, RESOURCESTYPE, RESOURCESLINKTYPE, RESOURCESPARENT, RESOURCESCONTENT, RESOURCESDESC, RESOURCESSTYLE, RESOURCESICONID, RESOURCESCODE) VALUES ('RES_PERMISSION_DEL', '删除权限', 'F', NULL, 'RES_PERMISSION', 'DEL', '删除权限', NULL, NULL, 'RES_PERMISSION_DEL');
INSERT INTO ge_resources (RESOURCESID, RESOURCESNAME, RESOURCESTYPE, RESOURCESLINKTYPE, RESOURCESPARENT, RESOURCESCONTENT, RESOURCESDESC, RESOURCESSTYLE, RESOURCESICONID, RESOURCESCODE) VALUES ('RES_PERMISSION_UPDATE', '修改权限', 'F', NULL, 'RES_PERMISSION', 'UPDATE', '修改权限', NULL, NULL, 'RES_PERMISSION_UPDATE');
INSERT INTO ge_resources (RESOURCESID, RESOURCESNAME, RESOURCESTYPE, RESOURCESLINKTYPE, RESOURCESPARENT, RESOURCESCONTENT, RESOURCESDESC, RESOURCESSTYLE, RESOURCESICONID, RESOURCESCODE) VALUES ('RES_PERMISSION_VIEW', '查看权限', 'F', NULL, 'RES_PERMISSION', 'VIEW', '查看资源', NULL, '38', 'RES_PERMISSION_VIEW');
INSERT INTO ge_resources (RESOURCESID, RESOURCESNAME, RESOURCESTYPE, RESOURCESLINKTYPE, RESOURCESPARENT, RESOURCESCONTENT, RESOURCESDESC, RESOURCESSTYLE, RESOURCESICONID, RESOURCESCODE) VALUES ('RES_PRODUCT', '产品管理', 'M', NULL, 'RES', '/product', '产品管理', NULL, '33', 'RES_PRODUCT');
INSERT INTO ge_resources (RESOURCESID, RESOURCESNAME, RESOURCESTYPE, RESOURCESLINKTYPE, RESOURCESPARENT, RESOURCESCONTENT, RESOURCESDESC, RESOURCESSTYLE, RESOURCESICONID, RESOURCESCODE) VALUES ('RES_PRODUCT_ADD', '产品', 'M', 'H', 'RES_PRODUCT', '/addProduct', '添加产品', NULL, NULL, 'RES_PRODUCT_ADD');
INSERT INTO ge_resources (RESOURCESID, RESOURCESNAME, RESOURCESTYPE, RESOURCESLINKTYPE, RESOURCESPARENT, RESOURCESCONTENT, RESOURCESDESC, RESOURCESSTYLE, RESOURCESICONID, RESOURCESCODE) VALUES ('RES_PRODUCT_RISKDUTY', '险种配置', 'M', NULL, 'RES_PRODUCT', '/system/riskduty', '险种配置', NULL, '29', 'RES_PRODUCT_RISKDUTY');
INSERT INTO ge_resources (RESOURCESID, RESOURCESNAME, RESOURCESTYPE, RESOURCESLINKTYPE, RESOURCESPARENT, RESOURCESCONTENT, RESOURCESDESC, RESOURCESSTYLE, RESOURCESICONID, RESOURCESCODE) VALUES ('RES_RECORD', '操作日志', 'M', NULL, 'RES_SYSTEM_CONFIG', '/system/dailyRecordPage', '操作日志', NULL, '48', 'RES_RECORD');
INSERT INTO ge_resources (RESOURCESID, RESOURCESNAME, RESOURCESTYPE, RESOURCESLINKTYPE, RESOURCESPARENT, RESOURCESCONTENT, RESOURCESDESC, RESOURCESSTYLE, RESOURCESICONID, RESOURCESCODE) VALUES ('RES_RECORD_VIEW', '查看日志', 'F', NULL, 'RES_RECORD', 'VIEW', '操作日志', NULL, NULL, 'RES_RECORD_VIEW');
INSERT INTO ge_resources (RESOURCESID, RESOURCESNAME, RESOURCESTYPE, RESOURCESLINKTYPE, RESOURCESPARENT, RESOURCESCONTENT, RESOURCESDESC, RESOURCESSTYLE, RESOURCESICONID, RESOURCESCODE) VALUES ('RES_RESOURCE', '资源管理', 'M', NULL, 'RES_AUTH', '/system/resourceManager', '资源管理', NULL, '4', 'RES_RESOURCE');
INSERT INTO ge_resources (RESOURCESID, RESOURCESNAME, RESOURCESTYPE, RESOURCESLINKTYPE, RESOURCESPARENT, RESOURCESCONTENT, RESOURCESDESC, RESOURCESSTYLE, RESOURCESICONID, RESOURCESCODE) VALUES ('RES_RESOURCE_ADD', '添加资源', 'F', NULL, 'RES_RESOURCE', 'ADD', '添加资源', NULL, NULL, 'RES_RESOURCE_ADD');
INSERT INTO ge_resources (RESOURCESID, RESOURCESNAME, RESOURCESTYPE, RESOURCESLINKTYPE, RESOURCESPARENT, RESOURCESCONTENT, RESOURCESDESC, RESOURCESSTYLE, RESOURCESICONID, RESOURCESCODE) VALUES ('RES_RESOURCE_DEL', '删除资源', 'F', NULL, 'RES_RESOURCE', 'DEL', '删除资源', NULL, NULL, 'RES_RESOURCE_DEL');
INSERT INTO ge_resources (RESOURCESID, RESOURCESNAME, RESOURCESTYPE, RESOURCESLINKTYPE, RESOURCESPARENT, RESOURCESCONTENT, RESOURCESDESC, RESOURCESSTYLE, RESOURCESICONID, RESOURCESCODE) VALUES ('RES_RESOURCE_UPDATE', '修改资源', 'F', NULL, 'RES_RESOURCE', 'UPDATE', '修改资源', NULL, NULL, 'RES_RESOURCE_UPDATE');
INSERT INTO ge_resources (RESOURCESID, RESOURCESNAME, RESOURCESTYPE, RESOURCESLINKTYPE, RESOURCESPARENT, RESOURCESCONTENT, RESOURCESDESC, RESOURCESSTYLE, RESOURCESICONID, RESOURCESCODE) VALUES ('RES_RESOURCE_VIEW', '查看资源', 'F', NULL, 'RES_RESOURCE', 'VIEW', '查看资源', NULL, NULL, 'RES_RESOURCE_VIEW');
INSERT INTO ge_resources (RESOURCESID, RESOURCESNAME, RESOURCESTYPE, RESOURCESLINKTYPE, RESOURCESPARENT, RESOURCESCONTENT, RESOURCESDESC, RESOURCESSTYLE, RESOURCESICONID, RESOURCESCODE) VALUES ('RES_ROLE', '角色管理', 'M', NULL, 'RES_AUTH', '/system/roleManager', '角色管理', NULL, '22', 'RES_ROLE');
INSERT INTO ge_resources (RESOURCESID, RESOURCESNAME, RESOURCESTYPE, RESOURCESLINKTYPE, RESOURCESPARENT, RESOURCESCONTENT, RESOURCESDESC, RESOURCESSTYLE, RESOURCESICONID, RESOURCESCODE) VALUES ('RES_ROLE_ADD', '添加角色', 'F', NULL, 'RES_ROLE', 'ADD', '添加角色', NULL, NULL, 'RES_ROLE_ADD');
INSERT INTO ge_resources (RESOURCESID, RESOURCESNAME, RESOURCESTYPE, RESOURCESLINKTYPE, RESOURCESPARENT, RESOURCESCONTENT, RESOURCESDESC, RESOURCESSTYLE, RESOURCESICONID, RESOURCESCODE) VALUES ('RES_ROLE_DEL', '删除角色', 'F', NULL, 'RES_ROLE', 'DEL', '删除角色', NULL, NULL, 'RES_ROLE_DEL');
INSERT INTO ge_resources (RESOURCESID, RESOURCESNAME, RESOURCESTYPE, RESOURCESLINKTYPE, RESOURCESPARENT, RESOURCESCONTENT, RESOURCESDESC, RESOURCESSTYLE, RESOURCESICONID, RESOURCESCODE) VALUES ('RES_ROLE_UPDATE', '修改角色', 'F', NULL, 'RES_ROLE', 'UPDATE', '修改角色', NULL, NULL, 'RES_ROLE_UPDATE');
INSERT INTO ge_resources (RESOURCESID, RESOURCESNAME, RESOURCESTYPE, RESOURCESLINKTYPE, RESOURCESPARENT, RESOURCESCONTENT, RESOURCESDESC, RESOURCESSTYLE, RESOURCESICONID, RESOURCESCODE) VALUES ('RES_ROLE_VIEW', '查看角色', 'F', NULL, 'RES_ROLE', 'VIEW', '查看角色', NULL, NULL, 'RES_ROLE_VIEW');
INSERT INTO ge_resources (RESOURCESID, RESOURCESNAME, RESOURCESTYPE, RESOURCESLINKTYPE, RESOURCESPARENT, RESOURCESCONTENT, RESOURCESDESC, RESOURCESSTYLE, RESOURCESICONID, RESOURCESCODE) VALUES ('RES_SYSTEM_CONFIG', '系统配置', 'M', NULL, 'RES', '/systemConfig', '系统配置', NULL, '39', 'RES_SYSTEM_CONFIG');
INSERT INTO ge_resources (RESOURCESID, RESOURCESNAME, RESOURCESTYPE, RESOURCESLINKTYPE, RESOURCESPARENT, RESOURCESCONTENT, RESOURCESDESC, RESOURCESSTYLE, RESOURCESICONID, RESOURCESCODE) VALUES ('RES_TEMP', '模板管理', 'M', NULL, 'RES', '/template', '模板管理', NULL, '20', 'RES_TEMP');
INSERT INTO ge_resources (RESOURCESID, RESOURCESNAME, RESOURCESTYPE, RESOURCESLINKTYPE, RESOURCESPARENT, RESOURCESCONTENT, RESOURCESDESC, RESOURCESSTYLE, RESOURCESICONID, RESOURCESCODE) VALUES ('RES_TEMPLATE_ADD', '添加业务模板', 'F', NULL, 'RES_TEMP_TEMPLATE', '/system/addTemplate', '添加业务模板', NULL, NULL, 'RES_TEMPLATE_ADD');
INSERT INTO ge_resources (RESOURCESID, RESOURCESNAME, RESOURCESTYPE, RESOURCESLINKTYPE, RESOURCESPARENT, RESOURCESCONTENT, RESOURCESDESC, RESOURCESSTYLE, RESOURCESICONID, RESOURCESCODE) VALUES ('RES_TEMPLATE_DEL', '删除业务模板', 'F', NULL, 'RES_TEMP_TEMPLATE', '/system/deleteTemplate', '删除业务模板', NULL, NULL, 'RES_TEMPLATE_DEL');
INSERT INTO ge_resources (RESOURCESID, RESOURCESNAME, RESOURCESTYPE, RESOURCESLINKTYPE, RESOURCESPARENT, RESOURCESCONTENT, RESOURCESDESC, RESOURCESSTYLE, RESOURCESICONID, RESOURCESCODE) VALUES ('RES_TEMPLATE_UPDATE', '修改业务模板', 'F', NULL, 'RES_TEMP_TEMPLATE', '/system/updateTemplate', '修改业务模板', NULL, NULL, 'RES_TEMPLATE_UPDATE');
INSERT INTO ge_resources (RESOURCESID, RESOURCESNAME, RESOURCESTYPE, RESOURCESLINKTYPE, RESOURCESPARENT, RESOURCESCONTENT, RESOURCESDESC, RESOURCESSTYLE, RESOURCESICONID, RESOURCESCODE) VALUES ('RES_TEMPLATE_VIEW', '查看业务模板', 'F', NULL, 'RES_TEMP_TEMPLATE', '/system/searchTmplate', '查看业务模板', NULL, NULL, 'RES_TEMPLATE_VIEW');
INSERT INTO ge_resources (RESOURCESID, RESOURCESNAME, RESOURCESTYPE, RESOURCESLINKTYPE, RESOURCESPARENT, RESOURCESCONTENT, RESOURCESDESC, RESOURCESSTYLE, RESOURCESICONID, RESOURCESCODE) VALUES ('RES_TEMP_TEMPLATE', '业务模板', 'M', NULL, 'RES_TEMP', '/system/template', '系统模板', NULL, '35', 'RES_TEMP_TEMPLATE');
INSERT INTO ge_resources (RESOURCESID, RESOURCESNAME, RESOURCESTYPE, RESOURCESLINKTYPE, RESOURCESPARENT, RESOURCESCONTENT, RESOURCESDESC, RESOURCESSTYLE, RESOURCESICONID, RESOURCESCODE) VALUES ('RES_USER', '用户管理', 'M', NULL, 'RES_AUTH', '/system/userDataManager', '用户管理', NULL, '54', 'RES_USER');
INSERT INTO ge_resources (RESOURCESID, RESOURCESNAME, RESOURCESTYPE, RESOURCESLINKTYPE, RESOURCESPARENT, RESOURCESCONTENT, RESOURCESDESC, RESOURCESSTYLE, RESOURCESICONID, RESOURCESCODE) VALUES ('RES_USERGROUP', '用户组管理', 'M', NULL, 'RES_AUTH', '/system/userGroup', '用户组管理', NULL, '1', 'RES_USERGROUP');
INSERT INTO ge_resources (RESOURCESID, RESOURCESNAME, RESOURCESTYPE, RESOURCESLINKTYPE, RESOURCESPARENT, RESOURCESCONTENT, RESOURCESDESC, RESOURCESSTYLE, RESOURCESICONID, RESOURCESCODE) VALUES ('RES_USERGROUP_ADD', '添加用户组', 'F', NULL, 'RES_USERGROUP', 'ADD', '添加用户组', NULL, NULL, 'RES_USERGROUP_ADD');
INSERT INTO ge_resources (RESOURCESID, RESOURCESNAME, RESOURCESTYPE, RESOURCESLINKTYPE, RESOURCESPARENT, RESOURCESCONTENT, RESOURCESDESC, RESOURCESSTYLE, RESOURCESICONID, RESOURCESCODE) VALUES ('RES_USERGROUP_DEL', '删除用户组', 'F', NULL, 'RES_USERGROUP', 'DEL', '删除用户组', NULL, NULL, 'RES_USERGROUP_DEL');
INSERT INTO ge_resources (RESOURCESID, RESOURCESNAME, RESOURCESTYPE, RESOURCESLINKTYPE, RESOURCESPARENT, RESOURCESCONTENT, RESOURCESDESC, RESOURCESSTYLE, RESOURCESICONID, RESOURCESCODE) VALUES ('RES_USERGROUP_UPDATE', '修改用户组', 'F', NULL, 'RES_USERGROUP', 'UPDATE', '修改用户组', NULL, NULL, 'RES_USERGROUP_UPDATE');
INSERT INTO ge_resources (RESOURCESID, RESOURCESNAME, RESOURCESTYPE, RESOURCESLINKTYPE, RESOURCESPARENT, RESOURCESCONTENT, RESOURCESDESC, RESOURCESSTYLE, RESOURCESICONID, RESOURCESCODE) VALUES ('RES_USERGROUP_VIEW', '查看用户组', 'F', NULL, 'RES_USERGROUP', 'VIEW', '查看用户组', NULL, NULL, 'RES_USERGROUP_VIEW');
INSERT INTO ge_resources (RESOURCESID, RESOURCESNAME, RESOURCESTYPE, RESOURCESLINKTYPE, RESOURCESPARENT, RESOURCESCONTENT, RESOURCESDESC, RESOURCESSTYLE, RESOURCESICONID, RESOURCESCODE) VALUES ('RES_USER_ADD', '添加用户', 'F', NULL, 'RES_USER', 'ADD', '添加用户', NULL, NULL, 'RES_USER_ADD');
INSERT INTO ge_resources (RESOURCESID, RESOURCESNAME, RESOURCESTYPE, RESOURCESLINKTYPE, RESOURCESPARENT, RESOURCESCONTENT, RESOURCESDESC, RESOURCESSTYLE, RESOURCESICONID, RESOURCESCODE) VALUES ('RES_USER_DEL', '删除用户', 'F', NULL, 'RES_USER', 'DEL', '删除用户', NULL, NULL, 'RES_USER_DEL');
INSERT INTO ge_resources (RESOURCESID, RESOURCESNAME, RESOURCESTYPE, RESOURCESLINKTYPE, RESOURCESPARENT, RESOURCESCONTENT, RESOURCESDESC, RESOURCESSTYLE, RESOURCESICONID, RESOURCESCODE) VALUES ('RES_USER_UPDATE', '修改用户', 'F', NULL, 'RES_USER', 'UPDATE', '修改用户', NULL, NULL, 'RES_USER_UPDATE');
INSERT INTO ge_resources (RESOURCESID, RESOURCESNAME, RESOURCESTYPE, RESOURCESLINKTYPE, RESOURCESPARENT, RESOURCESCONTENT, RESOURCESDESC, RESOURCESSTYLE, RESOURCESICONID, RESOURCESCODE) VALUES ('RES_USER_VIEW', '查看用户', 'F', NULL, 'RES_USER', 'VIEW', '查看用户', NULL, NULL, 'RES_USER_VIEW');
INSERT INTO ge_resources (RESOURCESID, RESOURCESNAME, RESOURCESTYPE, RESOURCESLINKTYPE, RESOURCESPARENT, RESOURCESCONTENT, RESOURCESDESC, RESOURCESSTYLE, RESOURCESICONID, RESOURCESCODE) VALUES ('RULE', '业务管理', 'M', NULL, '0', '/business', '业务管理', NULL, '4', 'RULE');
INSERT INTO ge_resources (RESOURCESID, RESOURCESNAME, RESOURCESTYPE, RESOURCESLINKTYPE, RESOURCESPARENT, RESOURCESCONTENT, RESOURCESDESC, RESOURCESSTYLE, RESOURCESICONID, RESOURCESCODE) VALUES ('RULE_CUSTOMER', '客户管理123', 'M', NULL, 'RULE', '/business/customer', '', NULL, '4', 'RULE_CUSTOMER');
INSERT INTO ge_resources (RESOURCESID, RESOURCESNAME, RESOURCESTYPE, RESOURCESLINKTYPE, RESOURCESPARENT, RESOURCESCONTENT, RESOURCESDESC, RESOURCESSTYLE, RESOURCESICONID, RESOURCESCODE) VALUES ('RULE_ORDER', '订单管理', 'M', NULL, 'RULE', '/business/order', '订单管理', NULL, '12', 'RULE_ORDER');
INSERT INTO ge_resources (RESOURCESID, RESOURCESNAME, RESOURCESTYPE, RESOURCESLINKTYPE, RESOURCESPARENT, RESOURCESCONTENT, RESOURCESDESC, RESOURCESSTYLE, RESOURCESICONID, RESOURCESCODE) VALUES ('RULE_POLICY', '保单管理', 'M', NULL, 'RULE', '/business/policy', '保单管理', NULL, '25', 'RULE_POLICY');


INSERT INTO ge_resources_icon (RESOURCESICONID, RESOURCESICONPATH) VALUES ('1', '/system/images/icon/1.png');
INSERT INTO ge_resources_icon (RESOURCESICONID, RESOURCESICONPATH) VALUES ('10', '/system/images/icon/10.png');
INSERT INTO ge_resources_icon (RESOURCESICONID, RESOURCESICONPATH) VALUES ('11', '/system/images/icon/11.png');
INSERT INTO ge_resources_icon (RESOURCESICONID, RESOURCESICONPATH) VALUES ('12', '/system/images/icon/12.png');
INSERT INTO ge_resources_icon (RESOURCESICONID, RESOURCESICONPATH) VALUES ('13', '/system/images/icon/13.png');
INSERT INTO ge_resources_icon (RESOURCESICONID, RESOURCESICONPATH) VALUES ('14', '/system/images/icon/14.png');
INSERT INTO ge_resources_icon (RESOURCESICONID, RESOURCESICONPATH) VALUES ('15', '/system/images/icon/15.png');
INSERT INTO ge_resources_icon (RESOURCESICONID, RESOURCESICONPATH) VALUES ('16', '/system/images/icon/16.png');
INSERT INTO ge_resources_icon (RESOURCESICONID, RESOURCESICONPATH) VALUES ('17', '/system/images/icon/17.png');
INSERT INTO ge_resources_icon (RESOURCESICONID, RESOURCESICONPATH) VALUES ('18', '/system/images/icon/18.png');
INSERT INTO ge_resources_icon (RESOURCESICONID, RESOURCESICONPATH) VALUES ('19', '/system/images/icon/19.png');
INSERT INTO ge_resources_icon (RESOURCESICONID, RESOURCESICONPATH) VALUES ('2', '/system/images/icon/2.png');
INSERT INTO ge_resources_icon (RESOURCESICONID, RESOURCESICONPATH) VALUES ('20', '/system/images/icon/20.png');
INSERT INTO ge_resources_icon (RESOURCESICONID, RESOURCESICONPATH) VALUES ('21', '/system/images/icon/21.png');
INSERT INTO ge_resources_icon (RESOURCESICONID, RESOURCESICONPATH) VALUES ('22', '/system/images/icon/22.png');
INSERT INTO ge_resources_icon (RESOURCESICONID, RESOURCESICONPATH) VALUES ('23', '/system/images/icon/23.png');
INSERT INTO ge_resources_icon (RESOURCESICONID, RESOURCESICONPATH) VALUES ('24', '/system/images/icon/24.png');
INSERT INTO ge_resources_icon (RESOURCESICONID, RESOURCESICONPATH) VALUES ('25', '/system/images/icon/25.png');
INSERT INTO ge_resources_icon (RESOURCESICONID, RESOURCESICONPATH) VALUES ('26', '/system/images/icon/26.png');
INSERT INTO ge_resources_icon (RESOURCESICONID, RESOURCESICONPATH) VALUES ('27', '/system/images/icon/27.png');
INSERT INTO ge_resources_icon (RESOURCESICONID, RESOURCESICONPATH) VALUES ('28', '/system/images/icon/28.png');
INSERT INTO ge_resources_icon (RESOURCESICONID, RESOURCESICONPATH) VALUES ('29', '/system/images/icon/29.png');
INSERT INTO ge_resources_icon (RESOURCESICONID, RESOURCESICONPATH) VALUES ('3', '/system/images/icon/3.png');
INSERT INTO ge_resources_icon (RESOURCESICONID, RESOURCESICONPATH) VALUES ('30', '/system/images/icon/30.png');
INSERT INTO ge_resources_icon (RESOURCESICONID, RESOURCESICONPATH) VALUES ('31', '/system/images/icon/31.png');
INSERT INTO ge_resources_icon (RESOURCESICONID, RESOURCESICONPATH) VALUES ('32', '/system/images/icon/32.png');
INSERT INTO ge_resources_icon (RESOURCESICONID, RESOURCESICONPATH) VALUES ('33', '/system/images/icon/33.png');
INSERT INTO ge_resources_icon (RESOURCESICONID, RESOURCESICONPATH) VALUES ('34', '/system/images/icon/34.png');
INSERT INTO ge_resources_icon (RESOURCESICONID, RESOURCESICONPATH) VALUES ('35', '/system/images/icon/35.png');
INSERT INTO ge_resources_icon (RESOURCESICONID, RESOURCESICONPATH) VALUES ('36', '/system/images/icon/36.png');
INSERT INTO ge_resources_icon (RESOURCESICONID, RESOURCESICONPATH) VALUES ('37', '/system/images/icon/37.png');
INSERT INTO ge_resources_icon (RESOURCESICONID, RESOURCESICONPATH) VALUES ('38', '/system/images/icon/38.png');
INSERT INTO ge_resources_icon (RESOURCESICONID, RESOURCESICONPATH) VALUES ('39', '/system/images/icon/39.png');
INSERT INTO ge_resources_icon (RESOURCESICONID, RESOURCESICONPATH) VALUES ('4', '/system/images/icon/4.png');
INSERT INTO ge_resources_icon (RESOURCESICONID, RESOURCESICONPATH) VALUES ('40', '/system/images/icon/40.png');
INSERT INTO ge_resources_icon (RESOURCESICONID, RESOURCESICONPATH) VALUES ('41', '/system/images/icon/41.png');
INSERT INTO ge_resources_icon (RESOURCESICONID, RESOURCESICONPATH) VALUES ('42', '/system/images/icon/42.png');
INSERT INTO ge_resources_icon (RESOURCESICONID, RESOURCESICONPATH) VALUES ('43', '/system/images/icon/43.png');
INSERT INTO ge_resources_icon (RESOURCESICONID, RESOURCESICONPATH) VALUES ('44', '/system/images/icon/44.png');
INSERT INTO ge_resources_icon (RESOURCESICONID, RESOURCESICONPATH) VALUES ('45', '/system/images/icon/45.png');
INSERT INTO ge_resources_icon (RESOURCESICONID, RESOURCESICONPATH) VALUES ('46', '/system/images/icon/46.png');
INSERT INTO ge_resources_icon (RESOURCESICONID, RESOURCESICONPATH) VALUES ('47', '/system/images/icon/47.png');
INSERT INTO ge_resources_icon (RESOURCESICONID, RESOURCESICONPATH) VALUES ('48', '/system/images/icon/48.png');
INSERT INTO ge_resources_icon (RESOURCESICONID, RESOURCESICONPATH) VALUES ('49', '/system/images/icon/49.png');
INSERT INTO ge_resources_icon (RESOURCESICONID, RESOURCESICONPATH) VALUES ('5', '/system/images/icon/5.png');
INSERT INTO ge_resources_icon (RESOURCESICONID, RESOURCESICONPATH) VALUES ('50', '/system/images/icon/50.png');
INSERT INTO ge_resources_icon (RESOURCESICONID, RESOURCESICONPATH) VALUES ('51', '/system/images/icon/51.png');
INSERT INTO ge_resources_icon (RESOURCESICONID, RESOURCESICONPATH) VALUES ('52', '/system/images/icon/52.png');
INSERT INTO ge_resources_icon (RESOURCESICONID, RESOURCESICONPATH) VALUES ('53', '/system/images/icon/53.png');
INSERT INTO ge_resources_icon (RESOURCESICONID, RESOURCESICONPATH) VALUES ('54', '/system/images/icon/54.png');
INSERT INTO ge_resources_icon (RESOURCESICONID, RESOURCESICONPATH) VALUES ('55', '/system/images/icon/55.png');
INSERT INTO ge_resources_icon (RESOURCESICONID, RESOURCESICONPATH) VALUES ('56', '/system/images/icon/56.png');
INSERT INTO ge_resources_icon (RESOURCESICONID, RESOURCESICONPATH) VALUES ('57', '/system/images/icon/57.png');
INSERT INTO ge_resources_icon (RESOURCESICONID, RESOURCESICONPATH) VALUES ('58', '/system/images/icon/58.png');
INSERT INTO ge_resources_icon (RESOURCESICONID, RESOURCESICONPATH) VALUES ('59', '/system/images/icon/59.png');
INSERT INTO ge_resources_icon (RESOURCESICONID, RESOURCESICONPATH) VALUES ('6', '/system/images/icon/6.png');
INSERT INTO ge_resources_icon (RESOURCESICONID, RESOURCESICONPATH) VALUES ('7', '/system/images/icon/7.png');
INSERT INTO ge_resources_icon (RESOURCESICONID, RESOURCESICONPATH) VALUES ('8', '/system/images/icon/8.png');
INSERT INTO ge_resources_icon (RESOURCESICONID, RESOURCESICONPATH) VALUES ('9', '/system/images/icon/9.png');

INSERT INTO ge_department (DEPTID, DEPTNAME, PARENTID, CONTACTADDRESS, OFFICEPHONE, ZIPCODE, ORGANTYPE, ROOT, DEPTCODE) VALUES ('RES_DEPT', '招商信诺', '0', '深圳', '13890000000', '610000', 'company', 'root', 'RES_DEPT');
