
INSERT INTO `ge_dict_data` VALUES ('40288131432f295e01432f2a217c0001','402881f6431fa1f501431fa5daab0001','N','未知','未知','2013-12-26 21:48:46','admin'), ('4028813c432cb9bf01432cdaf7c00002','4028813c4328418101432847761f0001','F','功能','功能','2013-12-26 11:03:04','admin'), ('4028813c432cb9bf01432cdbaf920003','4028813143293ba80143293c450f0001','admin','超级管理员','超级管理员','2013-12-26 11:03:51','admin'), ('4028813c432cb9bf01432cdc3e500004','4028813143293ba80143293c450f0001','user','普通管理员','普通管理员','2013-12-26 11:04:27','admin'), ('4028813c432cb9bf01432cde43020005','402881e34328c934014328ca3c0a0001','MailTemp','邮件模板','邮件模板','2013-12-26 11:06:40','admin'), ('4028813c432cb9bf01432cde82180006','402881e34328c934014328ca3c0a0001','NoteTemp','短信模板','短信模板','2013-12-26 11:06:56','admin'), ('4028813c432cb9bf01432cded2b70007','402881e34328c934014328ca3c0a0001','PdfTemp','电子保单模板','电子保单模板','2013-12-26 11:07:17','admin'), ('4028813c432cb9bf01432ce0dabc0008','402881e34329080b014329108bac0001','productBuyMail','产品购买成功邮件','产品购买成功邮件','2013-12-26 11:09:30','admin'), ('4028813c432cb9bf01432ce180da0009','4028813c432909a90143290b96660001','company','公司','公司','2013-12-26 11:10:12','admin'), ('4028813c432cb9bf01432ce1ec41000a','4028813c432909a90143290b96660001','depart','部门','部门','2013-12-26 11:10:40','admin'), ('4028813c432f1f0901432f2157e70003','402881f6431fa1f501431fa5daab0001','W','女','女','2013-12-26 21:39:10','admin'), ('4028813c432f1f0901432f231ede0005','4028813c432f1f0901432f22e8a40004','1','有效','有效','2013-12-26 21:41:07','admin'), ('4028813c432f1f0901432f235c1c0006','4028813c432f1f0901432f22e8a40004','0','无效','无效','2013-12-26 21:41:23','admin'), ('40288147432f1da501432f1eaa010001','402881f6431fa1f501431fa5daab0001','M','男的','男','2013-12-26 21:36:15','admin'), ('402881474332c0dc014332c5fe7b0002','402881e34329080b014329108bac0001','sdfs','asdf','agsd','2013-12-27 16:22:35','admin'), ('402881474332c0dc014332c84d5b0004','4028813143293ba80143293c450f0001','123','123','123','2013-12-27 14:50:03','admin'), ('402881474332d81d0143332f86f90004','4028813c4328418101432847761f0001','M','菜单','菜单','2013-12-27 16:33:09','admin');
INSERT INTO `ge_dict_type` VALUES ('4028813143293ba80143293c450f0001','USERTYPE','用户类型','2013-12-25 18:10:52','admin'), ('4028813c4328418101432847761f0001','MENUTYPE','菜单类型','2013-12-25 13:43:28','admin'), ('4028813c432909a90143290b96660001','DEPARTMENTTYPE','机构类型','2013-12-25 17:17:41','admin'), ('4028813c432f1f0901432f22e8a40004','USERSTATUS','用户状态','2013-12-26 21:40:53','admin'), ('402881474333603801433364fbd6000b','测试','测试','2013-12-27 17:31:32','admin'), ('40288147433360380143336561d3000d','ceshi','ceshi ','2013-12-27 17:31:58','admin'), ('4028814743336c870143337f5eb70006','123123','123123','2013-12-27 18:00:21','admin'), ('4028814743336c870143337f99f00008','123','123','2013-12-27 18:00:37','admin'), ('402881e34328525701432856d3ab0001','NOTEFUNTION','短信功能','2013-12-25 14:00:32','admin'), ('402881e34328c934014328ca3c0a0001','TEMPLATETYPE','模板类型','2013-12-25 16:06:18','admin'), ('402881e34329080b014329108bac0001','TEMPLATEFUNCTION','模板功能','2013-12-25 17:23:06','admin'), ('402881f6431fa1f501431fa5daab0001','SEX','性别','2013-12-25 13:17:38','admin');
INSERT INTO `ge_resources` VALUES ('RES_AREA','销售区域','M',NULL,'RES_ORG_MANAGER','/system/area','销售区域',NULL,'4','RES_AREA'), ('RES_AREA_ADD','添加区域','F',NULL,'RES_AREA','ADD','添加区域',NULL,NULL,'RES_AREA_ADD'), ('RES_AREA_DEL','删除区域','F',NULL,'RES_AREA','DEL','删除区域',NULL,NULL,'RES_AREA_DEL'), ('RES_AREA_UPDATE','修改区域','F',NULL,'RES_AREA','UPDATE','修改区域',NULL,NULL,'RES_AREA_UPDATE'), ('RES_AREA_VIEW','查看区域','F',NULL,'RES_AREA','VIEW','查看区域',NULL,NULL,'RES_AREA_VIEW'), ('RES_AUTH','认证管理','M',NULL,'RES_SYSTEM_MANAGER','/auth','认证管理',NULL,'17','RES_AUTH'), ('RES_BUSINESS','业务管理','M',NULL,'0','/business','业务管理',NULL,'4','RES_BUSINESS'), ('RES_DIC','数据字典','M',NULL,'RES_DIC_MANAGER','/system/dictDataManagement','数据字典',NULL,'25','RES_DIC'), ('RES_DICTYPE','字典类型','M',NULL,'RES_DIC_MANAGER','/system/dictDataTypeManagement','字典类型',NULL,'29','RES_DICTYPE'), ('RES_DICTYPE_ADD','添加字典类型','F',NULL,'RES_DICTYPE','ADD','添加字典类型',NULL,NULL,'RES_DICTYPE_ADD'), ('RES_DICTYPE_DEL','删除字典类型','F',NULL,'RES_DICTYPE','DEL','删除字典类型',NULL,NULL,'RES_DICTYPE_DEL'), ('RES_DICTYPE_UPDATE','修改字典类型','F',NULL,'RES_DICTYPE','UPDATE','修改字典类型',NULL,NULL,'RES_DICTYPE_UPDATE'), ('RES_DICTYPE_VIEW','查看字典类型','F',NULL,'RES_DICTYPE','VIEW','查看字典类型',NULL,NULL,'RES_DICTYPE_VIEW'), ('RES_DIC_ADD','添加数据字典','F',NULL,'RES_DIC','ADD','添加数据字典',NULL,NULL,'RES_DIC_ADD'), ('RES_DIC_DEL','删除数据字典','F',NULL,'RES_DIC','DEL','删除数据字典',NULL,NULL,'RES_DIC_DEL'), ('RES_DIC_MANAGER','字典管理','M',NULL,'RES_SYSTEM_MANAGER','/dicManager','字典管理',NULL,'21','RES_DIC_MANAGER'), ('RES_DIC_UPDATE','修改数据字典','F',NULL,'RES_DIC','UPDATE','修改数据字典',NULL,NULL,'RES_DIC_UPDATE'), ('RES_DIC_VIEW','查看数据字典','F',NULL,'RES_DIC','VIEW','查看数据字典',NULL,NULL,'RES_DIC_VIEW'), ('RES_DUTY','责任','M','H','RES_PRODUCT','/duty','责任',NULL,NULL,'RES_DUTY'), ('RES_MONITOR','系统监控','M',NULL,'RES_SYSTEM_CONFIG','/addmonitoring','系统监控',NULL,'31','RES_MONITOR'), ('RES_MONITOR_ADD','添加监控','F',NULL,'RES_MONITOR','/addMonitoring','添加监控',NULL,NULL,'RES_MONITOR_ADD'), ('RES_ORG','组织机构','M',NULL,'RES_ORG_MANAGER','/system/organ','组织机构',NULL,'45','RES_ORG'), ('RES_ORG_ADD','添加组织机构','F',NULL,'RES_ORG','/system/addUpdateOrgan','添加组织机构',NULL,NULL,'RES_ORG_ADD'), ('RES_ORG_DEL','删除组织机构','F',NULL,'RES_ORG','DEL','删除组织机构',NULL,NULL,'RES_ORG_DEL'), ('RES_ORG_MANAGER','机构管理','M',NULL,'RES_SYSTEM_MANAGER','/org','机构管理',NULL,'47','RES_ORG_MANAGER'), ('RES_ORG_UPDATE','修改组织机构','F',NULL,'RES_ORG','/system/addUpdateOrgan','修改组织机构',NULL,NULL,'RES_ORG_UPDATE'), ('RES_ORG_VIEW','查看组织机构','F',NULL,'RES_ORG','VIEW','查看组织机构',NULL,NULL,'RES_ORG_VIEW'), ('RES_PERMISSION','权限管理','M',NULL,'RES_AUTH','/system/permission','权限管理',NULL,'18','RES_PERMISSION'), ('RES_PERMISSION_ADD','添加权限','F',NULL,'RES_PERMISSION','ADD','添加权限',NULL,NULL,'RES_PERMISSION_ADD'), ('RES_PERMISSION_DEL','删除权限','F',NULL,'RES_PERMISSION','DEL','删除权限',NULL,NULL,'RES_PERMISSION_DEL'), ('RES_PERMISSION_UPDATE','修改权限','F',NULL,'RES_PERMISSION','UPDATE','修改权限',NULL,NULL,'RES_PERMISSION_UPDATE'), ('RES_PERMISSION_VIEW','查看权限','F',NULL,'RES_PERMISSION','VIEW','查看资源',NULL,'40','RES_PERMISSION_VIEW'), ('RES_PRODUCT','产品管理','M','H','RES_SYSTEM_MANAGER','/product','产品管理',NULL,NULL,'RES_PRODUCT'), ('RES_PRODUCT_ADD','产品','M','H','RES_PRODUCT','/addProduct','添加产品',NULL,NULL,'RES_PRODUCT_ADD'), ('RES_PROPERTY','属性','M','H','RES_PRODUCT','/property','属性',NULL,NULL,'RES_PROPERTY'), ('RES_RECORD','操作日志','M',NULL,'RES_SYSTEM_CONFIG','/system/dailyRecordPage','操作日志',NULL,'48','RES_RECORD'), ('RES_RECORD_VIEW','查看日志','F',NULL,'RES_RECORD','VIEW','操作日志',NULL,NULL,'RES_RECORD_VIEW'), ('RES_RESOURCE','资源管理','M',NULL,'RES_AUTH','/system/resourceManager','资源管理',NULL,'4','RES_RESOURCE'), ('RES_RESOURCE_ADD','添加资源','F',NULL,'RES_RESOURCE','ADD','添加资源',NULL,NULL,'RES_RESOURCE_ADD'), ('RES_RESOURCE_DEL','删除资源','F',NULL,'RES_RESOURCE','DEL','删除资源',NULL,NULL,'RES_RESOURCE_DEL'), ('RES_RESOURCE_UPDATE','修改资源','F',NULL,'RES_RESOURCE','UPDATE','修改资源',NULL,NULL,'RES_RESOURCE_UPDATE'), ('RES_RESOURCE_VIEW','查看资源','F',NULL,'RES_RESOURCE','VIEW','查看资源',NULL,NULL,'RES_RESOURCE_VIEW'), ('RES_RISK','险种','M','H','RES_PRODUCT','/risk','险种',NULL,NULL,'RES_RISK'), ('RES_ROLE','角色管理','M',NULL,'RES_AUTH','/system/roleManager','角色管理',NULL,'22','RES_ROLE'), ('RES_ROLE_ADD','添加角色','F',NULL,'RES_ROLE','ADD','添加角色',NULL,NULL,'RES_ROLE_ADD'), ('RES_ROLE_DEL','删除角色','F',NULL,'RES_ROLE','DEL','删除角色',NULL,NULL,'RES_ROLE_DEL'), ('RES_ROLE_UPDATE','修改角色','F',NULL,'RES_ROLE','UPDATE','修改角色',NULL,NULL,'RES_ROLE_UPDATE'), ('RES_ROLE_VIEW','查看角色','F',NULL,'RES_ROLE','VIEW','查看角色',NULL,NULL,'RES_ROLE_VIEW'), ('RES_SYSTEM_CONFIG','系统配置','M',NULL,'RES_SYSTEM_MANAGER','/systemConfig','系统配置',NULL,'39','RES_SYSTEM_CONFIG'), ('RES_SYSTEM_MANAGER','系统管理','M',NULL,'0','/system/manger','系统管理',NULL,'39','RES_SYSTEM_MANAGER'), ('RES_TEMP','模板管理','M',NULL,'RES_SYSTEM_MANAGER','/template','模板管理',NULL,'20','RES_TEMP'), ('RES_TEMPLATE_ADD','添加业务模板','F',NULL,'RES_TEMP_TEMPLATE','/system/addTemplate','添加业务模板',NULL,NULL,'RES_TEMPLATE_ADD'), ('RES_TEMPLATE_DEL','删除业务模板','F',NULL,'RES_TEMP_TEMPLATE','/system/deleteTemplate','删除业务模板',NULL,NULL,'RES_TEMPLATE_DEL'), ('RES_TEMPLATE_UPDATE','修改业务模板','F',NULL,'RES_TEMP_TEMPLATE','/system/updateTemplate','修改业务模板',NULL,NULL,'RES_TEMPLATE_UPDATE'), ('RES_TEMPLATE_VIEW','查看业务模板','F',NULL,'RES_TEMP_TEMPLATE','/system/searchTmplate','查看业务模板',NULL,NULL,'RES_TEMPLATE_VIEW'), ('RES_TEMP_TEMPLATE','业务模板','M',NULL,'RES_TEMP','/system/template','系统模板',NULL,'35','RES_TEMP_TEMPLATE'), ('RES_USER','用户管理','M',NULL,'RES_AUTH','/system/userDataManager','用户管理',NULL,'54','RES_USER'), ('RES_USERGROUP','用户组管理','M',NULL,'RES_AUTH','/system/userGroup','用户组管理',NULL,'1','RES_USERGROUP'), ('RES_USERGROUP_ADD','添加用户组','F',NULL,'RES_USERGROUP','ADD','添加用户组',NULL,NULL,'RES_USERGROUP_ADD'), ('RES_USERGROUP_DEL','删除用户组','F',NULL,'RES_USERGROUP','DEL','删除用户组',NULL,NULL,'RES_USERGROUP_DEL'), ('RES_USERGROUP_UPDATE','修改用户组','F',NULL,'RES_USERGROUP','UPDATE','修改用户组',NULL,NULL,'RES_USERGROUP_UPDATE'), ('RES_USERGROUP_VIEW','查看用户组','F',NULL,'RES_USERGROUP','VIEW','查看用户组',NULL,NULL,'RES_USERGROUP_VIEW'), ('RES_USER_ADD','添加用户','F',NULL,'RES_USER','ADD','添加用户',NULL,NULL,'RES_USER_ADD'), ('RES_USER_DEL','删除用户','F',NULL,'RES_USER','DEL','删除用户',NULL,NULL,'RES_USER_DEL'), ('RES_USER_UPDATE','修改用户','F',NULL,'RES_USER','UPDATE','修改用户',NULL,NULL,'RES_USER_UPDATE'), ('RES_USER_VIEW','查看用户','F',NULL,'RES_USER','VIEW','查看用户',NULL,NULL,'RES_USER_VIEW'), ('RULE_CUSTOMER','客户管理','M',NULL,'RES_BUSINESS','/business/customer','',NULL,'4','RULE_CUSTOMER'), ('RULE_ORDER','订单管理','M',NULL,'RES_BUSINESS','/business/order','订单管理',NULL,'12','RULE_ORDER'), ('RULE_POLICY','保单管理','M',NULL,'RES_BUSINESS','/business/policy','保单管理',NULL,'25','RULE_POLICY');
INSERT INTO `ge_resources_icon` VALUES ('1','/system/images/icon/1.png'), ('2','/system/images/icon/2.png'), ('3','/system/images/icon/3.png'), ('4','/system/images/icon/4.png'), ('5','/system/images/icon/5.png'), ('6','/system/images/icon/6.png'), ('7','/system/images/icon/7.png'), ('8','/system/images/icon/8.png'), ('9','/system/images/icon/9.png'), ('10','/system/images/icon/10.png'), ('11','/system/images/icon/11.png'), ('12','/system/images/icon/12.png'), ('13','/system/images/icon/13.png'), ('14','/system/images/icon/14.png'), ('15','/system/images/icon/15.png'), ('16','/system/images/icon/16.png'), ('17','/system/images/icon/17.png'), ('18','/system/images/icon/18.png'), ('19','/system/images/icon/19.png'), ('20','/system/images/icon/20.png'), ('21','/system/images/icon/21.png'), ('22','/system/images/icon/22.png'), ('23','/system/images/icon/23.png'), ('24','/system/images/icon/24.png'), ('25','/system/images/icon/25.png'), ('26','/system/images/icon/26.png'), ('27','/system/images/icon/27.png'), ('28','/system/images/icon/28.png'), ('29','/system/images/icon/29.png'), ('30','/system/images/icon/30.png'), ('31','/system/images/icon/31.png'), ('32','/system/images/icon/32.png'), ('33','/system/images/icon/33.png'), ('34','/system/images/icon/34.png'), ('35','/system/images/icon/35.png'), ('36','/system/images/icon/36.png'), ('37','/system/images/icon/37.png'), ('38','/system/images/icon/38.png'), ('39','/system/images/icon/39.png'), ('40','/system/images/icon/40.png'), ('41','/system/images/icon/41.png'), ('42','/system/images/icon/42.png'), ('43','/system/images/icon/43.png'), ('44','/system/images/icon/44.png'), ('45','/system/images/icon/45.png'), ('46','/system/images/icon/46.png'), ('47','/system/images/icon/47.png'), ('48','/system/images/icon/48.png'), ('49','/system/images/icon/49.png'), ('50','/system/images/icon/50.png'), ('51','/system/images/icon/51.png'), ('52','/system/images/icon/52.png'), ('53','/system/images/icon/53.png'), ('54','/system/images/icon/54.png'), ('55','/system/images/icon/55.png'), ('56','/system/images/icon/56.png'), ('57','/system/images/icon/57.png'), ('58','/system/images/icon/58.png'), ('59','/system/images/icon/59.png');
INSERT INTO `ge_user` VALUES ('1','admin','96E79218965EB72C92A549DD5A330112','admin','aaa@qq.com','M','15626557333','1','1979-01-01 00:00:00','admin');
INSERT INTO `ge_department` VALUES ('RES_DEPT', '招商信诺', '', '深圳', '13890000000', '610000', 'company', 'root', 'RES_DEPT');
